Neighborhood,Neighborhood Latitude,Neighborhood Longitude,Venue,Venue Latitude,Venue Longitude,Venue Category
Adarsh Nagar,28.6141925,77.07154118,Eagle Boys Pizza,28.6155949,77.07078356,Pizza Place
Adarsh Nagar,28.6141925,77.07154118,Bikanerwala,28.61339089,77.07608403,Indian Restaurant
Adarsh Nagar,28.6141925,77.07154118,Bikano East Patel Nagar,28.61619007,77.06697808,Fast Food Restaurant
Adarsh Nagar,28.6141925,77.07154118,McDonald's,28.61632985,77.0670343,Fast Food Restaurant
Ashok Vihar,28.6994533,77.1848256,Nat Khat Caterers,28.69963,77.187832,Indian Restaurant
Ashok Vihar,28.6994533,77.1848256,Bakers Stop,28.70049468,77.18871571,Bakery
Ashok Vihar,28.6994533,77.1848256,Invitation Banquet,28.69601821,77.18595287,Diner
Ashok Vihar,28.6994533,77.1848256,Gola Northend,28.7012423,77.18928848,Indian Restaurant
Azadpur,28.7076568,77.1755473,jungrele,28.705655,77.172069,Argentinian Restaurant
Azadpur,28.7076568,77.1755473,Moti Dhaba,28.71000829,77.17168845,Indian Restaurant
Azadpur,28.7076568,77.1755473,Cafe Coffee Day Fortis Shalimar Bagh,28.71044637,77.17905674,Café
Azadpur,28.7076568,77.1755473,Tulip Banquet,28.70452311,77.17244103,Restaurant
Keshav Puram,28.6889264,77.1616833,Meriton Redtraunt,28.69040136,77.16029815,Indian Restaurant
Keshav Puram,28.6889264,77.1616833,Kings,28.688909,77.159428,Gastropub
Keshav Puram,28.6889264,77.1616833,Sonu De Chole Kulche,28.6899257,77.16438148,Food Truck
Keshav Puram,28.6889264,77.1616833,Cafe Coffee Day,28.692503,77.159449,Café
Keshav Puram,28.6889264,77.1616833,The Master Bakers,28.68838096,77.16642591,Bakery
Kohat Enclave,28.6980415,77.1405393,Peshawari,28.6990119,77.13901985,Indian Restaurant
Kohat Enclave,28.6980415,77.1405393,Bharat Sweets,28.69929225,77.1397614,Food
Kohat Enclave,28.6980415,77.1405393,Bobby Punjabi Rasoi,28.69922162,77.13939624,Indian Restaurant
Kohat Enclave,28.6980415,77.1405393,Sita Ram Diwan Chand Chhole Bhature,28.70014751,77.14156468,Indian Restaurant
Kohat Enclave,28.6980415,77.1405393,Sankalp Restaurant,28.69998942,77.13750958,Indian Restaurant
Kohat Enclave,28.6980415,77.1405393,Puran Chand,28.69919511,77.13700305,Indian Restaurant
Kohat Enclave,28.6980415,77.1405393,"BIG BAKE, Pitampura, Delhi",28.70006987,77.13697496,Bakery
Kohat Enclave,28.6980415,77.1405393,Bikanervala,28.69473969,77.14291853,Food Court
Pitam Pura,28.7032676,77.1322497,Angrezee Dhaba,28.70259167,77.13381204,Indian Restaurant
Pitam Pura,28.7032676,77.1322497,Sagar Ratna,28.70296917,77.13246371,Indian Restaurant
Pitam Pura,28.7032676,77.1322497,giri momos centre,28.701705,77.133871,Fried Chicken Joint
Pitam Pura,28.7032676,77.1322497,Five star dhaba,28.70066643,77.13612366,Indian Restaurant
Rani Bagh,28.6859821,77.13252447,Berco's,28.68870103,77.1351716,Chinese Restaurant
Rani Bagh,28.6859821,77.13252447,The Good Food Cafe,28.68828561,77.13519407,Fast Food Restaurant
Rani Bagh,28.6859821,77.13252447,CCD,28.68971884,77.13463227,Café
Rani Bagh,28.6859821,77.13252447,BTW Food Court,28.689555,77.135137,Indian Restaurant
Rithala,28.7208064,77.1071813,Mosaic,28.72053156,77.11012967,Restaurant
Shakti Nagar,28.67979,77.1949142,Vikrant Cafe,28.68063646,77.19779553,Café
Shakti Nagar,28.67979,77.1949142,"KFC, Bunglow Road",28.68078356,77.19794714,Fried Chicken Joint
Shakti Nagar,28.67979,77.1949142,Bombay Bhel House,28.68167143,77.19895222,Snack Place
Shakti Nagar,28.67979,77.1949142,Chowringhee,28.68112875,77.19034979,Indian Restaurant
Bara Hindu Rao,28.6595181,77.20501,Al Naseem Food,28.660903,77.206671,Afghan Restaurant
Bara Hindu Rao,28.6595181,77.20501,Anmol Chicken Corner,28.6614013,77.20702626,Afghan Restaurant
Bara Hindu Rao,28.6595181,77.20501,Pancham Chole Kulche,28.6570239,77.20371,Snack Place
Bara Hindu Rao,28.6595181,77.20501,Kamal Sweets,28.659733,77.209043,Indian Restaurant
Chandni Chowk,28.6434826,77.2227421,KFC,28.64498202,77.2235039,Fast Food Restaurant
Chandni Chowk,28.6434826,77.2227421,KFC,28.64180455,77.21909138,Fast Food Restaurant
Chandni Chowk,28.6434826,77.2227421,Comesum - The Food Junction,28.64284589,77.22303796,Food Court
Chandni Chowk,28.6434826,77.2227421,Khan Market,28.64221957,77.21831103,Chinese Restaurant
Chawri Bazaar,28.6499269,77.2297876,Karim's | करीम | کریم (Karim's),28.64949759,77.23369085,Indian Restaurant
Chawri Bazaar,28.6499269,77.2297876,Shyam Sweets,28.65053028,77.23030275,Snack Place
Chawri Bazaar,28.6499269,77.2297876,Al Jawahar | अल जवाहर | امام جواہر,28.64960885,77.23355531,Indian Restaurant
Chawri Bazaar,28.6499269,77.2297876,Aslam Chicken Corner,28.64828333,77.2336476,Indian Restaurant
Chawri Bazaar,28.6499269,77.2297876,ashok chat,28.64935062,77.22700124,Fast Food Restaurant
Civil Lines,28.6768572,77.2250565,moets,28.67801477,77.22473893,Chinese Restaurant
Civil Lines,28.6768572,77.2250565,The Embassy,28.67655556,77.22496909,Indian Restaurant
Civil Lines,28.6768572,77.2250565,1 UP,28.67646342,77.22515435,Italian Restaurant
Civil Lines,28.6768572,77.2250565,Best Of Asia Village,28.676904,77.225201,Asian Restaurant
Civil Lines,28.6768572,77.2250565,The Lounge,28.6752189,77.22730726,Café
Civil Lines,28.6768572,77.2250565,Fast Trax,28.68014665,77.22328496,Burger Joint
Dariba Kalan,28.6546024,77.2333794,Haldiram's,28.65628894,77.23170543,Snack Place
Dariba Kalan,28.6546024,77.2333794,Babu Ram Paranthe Wale,28.65582013,77.23044813,Indian Restaurant
Dariba Kalan,28.6546024,77.2333794,Parawthe Wale,28.65603319,77.23050002,Indian Restaurant
Dariba Kalan,28.6546024,77.2333794,McDonald's,28.65616188,77.23420838,Fast Food Restaurant
Dariba Kalan,28.6546024,77.2333794,Natraj | नटराज,28.65635734,77.23058724,Snack Place
Dariba Kalan,28.6546024,77.2333794,Pt. Gaya Prasad Shiv Charan Paranthewale | पंडित गया प्रसाद शिव चरण परांठे वाले,28.65602719,77.23043754,Indian Restaurant
Dariba Kalan,28.6546024,77.2333794,Wah Ji Wah,28.65629886,77.23308065,Vegetarian / Vegan Restaurant
Dariba Kalan,28.6546024,77.2333794,Old Famous Jalebi Waala,28.65601158,77.23360443,Indian Restaurant
Dariba Kalan,28.6546024,77.2333794,Pt. Kanhaiya Lal Durga Prashad Dixit Parawthe Wala,28.65610898,77.2304648,Indian Restaurant
Dariba Kalan,28.6546024,77.2333794,Ganga Bhojnayala,28.65619287,77.23044235,Indian Restaurant
Kamla Nagar,28.68034425,77.2021292,Bille Di Hatti | बिल्ले दी हट्टी,28.68158765,77.2017194,Breakfast Spot
Kamla Nagar,28.68034425,77.2021292,Mad Over Donuts,28.68075698,77.20388888,Donut Shop
Kamla Nagar,28.68034425,77.2021292,Chicago Pizza,28.68158977,77.20320225,Pizza Place
Kamla Nagar,28.68034425,77.2021292,Gopal Sweets,28.68265996,77.19966532,Breakfast Spot
Kamla Nagar,28.68034425,77.2021292,Chache Di Hatti | चाचे दी हट्टी,28.6822228,77.20586404,Indian Restaurant
Kamla Nagar,28.68034425,77.2021292,Bittu Tikki Walla (BTW),28.68218568,77.20255697,Indian Restaurant
Kamla Nagar,28.68034425,77.2021292,Vaishnav Chaat Bhandaar,28.68260086,77.2033655,Restaurant
Kamla Nagar,28.68034425,77.2021292,Momo's Point,28.68147858,77.2070668,Chinese Restaurant
Kamla Nagar,28.68034425,77.2021292,Sharma Kachodi Waaley,28.68243183,77.19931719,Breakfast Spot
Kamla Nagar,28.68034425,77.2021292,"KFC, Bunglow Road",28.68078356,77.19794714,Fried Chicken Joint
Kamla Nagar,28.68034425,77.2021292,Ved Dhaba,28.67782435,77.20548092,Indian Restaurant
Kashmiri Gate,28.6699765,77.2320588,Domino's Pizza,28.668,77.228,Pizza Place
Kashmiri Gate,28.6699765,77.2320588,Zomsa Restaurant,28.672825,77.231288,Tibetan Restaurant
Kashmiri Gate,28.6699765,77.2320588,Nirula's Express (Kashmiri Gate Metro Station),28.66792201,77.22910634,Fast Food Restaurant
Kashmiri Gate,28.6699765,77.2320588,Comesum,28.66791484,77.22791626,Fast Food Restaurant
Kashmiri Gate,28.6699765,77.2320588,McDonald's,28.66798793,77.22909511,American Restaurant
Kotwali,28.6585978,77.2310844,Haldiram's,28.65628894,77.23170543,Snack Place
Kotwali,28.6585978,77.2310844,Babu Ram Paranthe Wale,28.65582013,77.23044813,Indian Restaurant
Kotwali,28.6585978,77.2310844,Parawthe Wale,28.65603319,77.23050002,Indian Restaurant
Kotwali,28.6585978,77.2310844,McDonald's,28.66116631,77.22759629,Fast Food Restaurant
Kotwali,28.6585978,77.2310844,Natraj | नटराज,28.65635734,77.23058724,Snack Place
Kotwali,28.6585978,77.2310844,McDonald's,28.65616188,77.23420838,Fast Food Restaurant
Kotwali,28.6585978,77.2310844,McDonald's,28.66128896,77.22716404,Fast Food Restaurant
Kotwali,28.6585978,77.2310844,Pt. Gaya Prasad Shiv Charan Paranthewale | पंडित गया प्रसाद शिव चरण परांठे वाले,28.65602719,77.23043754,Indian Restaurant
Kotwali,28.6585978,77.2310844,Ganga Bhojnayala,28.65619287,77.23044235,Indian Restaurant
Kotwali,28.6585978,77.2310844,Pt. Kanhaiya Lal Durga Prashad Dixit Parawthe Wala,28.65610898,77.2304648,Indian Restaurant
Kotwali,28.6585978,77.2310844,Wah Ji Wah,28.65629886,77.23308065,Vegetarian / Vegan Restaurant
Kotwali,28.6585978,77.2310844,Old Famous Jalebi Waala,28.65601158,77.23360443,Indian Restaurant
Kotwali,28.6585978,77.2310844,Comesum,28.6606685,77.22781023,Restaurant
Lahori Gate,28.6568411,77.2185339,Kake Di Hatti | काके दी हट्टी,28.65804958,77.22337706,Indian Restaurant
Lahori Gate,28.6568411,77.2185339,Gole hatti,28.65723224,77.22283024,Snack Place
Lahori Gate,28.6568411,77.2185339,Chaina Ram,28.65667872,77.22340847,Indian Restaurant
Lahori Gate,28.6568411,77.2185339,Chainaram,28.65661806,77.22347583,Snack Place
Nehru Vihar,28.7107447,77.22117438,Wah ji wah,28.71095,77.217697,Snack Place
Nehru Vihar,28.7107447,77.22117438,Birdy's Bakery & Patisserie,28.710996,77.217677,Bakery
Paharganj,28.6419258,77.2217499,KFC,28.64180455,77.21909138,Fast Food Restaurant
Paharganj,28.6419258,77.2217499,KFC,28.64498202,77.2235039,Fast Food Restaurant
Paharganj,28.6419258,77.2217499,Comesum - The Food Junction,28.64284589,77.22303796,Food Court
Paharganj,28.6419258,77.2217499,Khan Market,28.64221957,77.21831103,Chinese Restaurant
Pratap Nagar,28.6667177,77.1988974,dominoz pizza,28.66830009,77.19959794,Pizza Place
Roshanara Bagh,28.67371835,77.19931978,Tikka Shikka & More,28.675907,77.19806,Indian Restaurant
Sant Nagar,28.64641805,77.09118836,Mad Over Donuts,28.64543988,77.09256649,Donut Shop
Sant Nagar,28.64641805,77.09118836,Cup Cake Radisson Blu,28.64622327,77.08695968,Bakery
Sarai Kale Khan,28.5866263,77.25622818,Comesum - The Food Junction,28.58970529,77.25321161,Food Court
Sarai Kale Khan,28.5866263,77.25622818,Aggarwal Sweets,28.58844546,77.2539941,Fast Food Restaurant
Sarai Kale Khan,28.5866263,77.25622818,Taste Triangle,28.58935464,77.25619733,Restaurant
Shakti Nagar,28.67979,77.1949142,Vikrant Cafe,28.68063646,77.19779553,Café
Shakti Nagar,28.67979,77.1949142,"KFC, Bunglow Road",28.68078356,77.19794714,Fried Chicken Joint
Shakti Nagar,28.67979,77.1949142,Bombay Bhel House,28.68167143,77.19895222,Snack Place
Shakti Nagar,28.67979,77.1949142,Chowringhee,28.68112875,77.19034979,Indian Restaurant
Timarpur,28.70126285,77.21867954,Le Bistrot - Cuisine Et Culture Francaises,28.70288439,77.22189273,French Restaurant
Wazirabad,28.433762,77.0877572,Indian Chopsticks,28.43427715,77.08411581,Snack Place
Dilshad Garden,28.6806819,77.3220645,The Riding Guns,28.68245387,77.32171556,Café
Dilshad Garden,28.6806819,77.3220645,M.K Confectionery,28.68264798,77.32361764,Indian Restaurant
Dilshad Garden,28.6806819,77.3220645,Govind dhaba,28.68074744,77.31901194,Indian Restaurant
Dilshad Garden,28.6806819,77.3220645,tandoor point,28.68196156,77.31793642,Indian Restaurant
Dilshad Garden,28.6806819,77.3220645,Bikanerwala,28.67645742,77.32142949,Fast Food Restaurant
Naveen Shahdara,28.6773386,77.2860157,Morning Corner,28.679894,77.287361,Breakfast Spot
Naveen Shahdara,28.6773386,77.2860157,Halidrams,28.67591837,77.29012643,Vegetarian / Vegan Restaurant
Naveen Shahdara,28.6773386,77.2860157,New Shahi Food Corner,28.676237,77.29045,Dhaba
Shahdara,28.6773038,77.2903467,New Shahi Food Corner,28.676237,77.29045,Dhaba
Shahdara,28.6773038,77.2903467,Halidrams,28.67591837,77.29012643,Vegetarian / Vegan Restaurant
Shahdara,28.6773038,77.2903467,Morning Corner,28.679894,77.287361,Breakfast Spot
Yamuna Vihar,28.700372,77.2727728,Anand Sagar Sweets,28.702434,77.272368,North Indian Restaurant
Yamuna Vihar,28.700372,77.2727728,waho tenzin restaurant,28.70254709,77.2705718,Dumpling Restaurant
Chandni Chowk,28.6434826,77.2227421,KFC,28.64498202,77.2235039,Fast Food Restaurant
Chandni Chowk,28.6434826,77.2227421,KFC,28.64180455,77.21909138,Fast Food Restaurant
Chandni Chowk,28.6434826,77.2227421,Comesum - The Food Junction,28.64284589,77.22303796,Food Court
Chandni Chowk,28.6434826,77.2227421,Khan Market,28.64221957,77.21831103,Chinese Restaurant
Daryaganj,28.64609,77.243048,Moti Mahal,28.64652253,77.24014483,Indian Restaurant
Daryaganj,28.64609,77.243048,Changezi Chicken,28.64375143,77.24048582,Indian Restaurant
Daryaganj,28.64609,77.243048,Prince Paan,28.64654644,77.24017009,Restaurant
Daryaganj,28.64609,77.243048,Zaika,28.643592,77.240437,Restaurant
Jhandewalan,28.6443363,77.1999274,Cafe Coffee Day,28.64395219,77.20161438,Café
Jhandewalan,28.6443363,77.1999274,Pick Fresh Fish,28.64585446,77.20082199,Fish & Chips Shop
Jhandewalan,28.6443363,77.1999274,New Gupta dhaba,28.646063,77.203224,Indian Restaurant
Jhandewalan,28.6443363,77.1999274,Adyar Ananda Bhavan,28.64648227,77.19564496,Indian Restaurant
Karol Bagh,28.6529982,77.1890227,Om corner,28.65409021,77.18995671,Snack Place
Karol Bagh,28.6529982,77.1890227,Om Baturawale,28.6540709,77.19029925,Indian Restaurant
Karol Bagh,28.6529982,77.1890227,Peshawari chicken corner,28.65448537,77.19037225,Fried Chicken Joint
Karol Bagh,28.6529982,77.1890227,Sindhi tikki corner,28.65511873,77.19097137,Snack Place
Karol Bagh,28.6529982,77.1890227,Mame di hatti,28.6556189,77.18771054,Indian Restaurant
Karol Bagh,28.6529982,77.1890227,Standard Sweets,28.65095196,77.19238253,Snack Place
Bara Hindu Rao,28.6595181,77.20501,Al Naseem Food,28.660903,77.206671,Afghan Restaurant
Bara Hindu Rao,28.6595181,77.20501,Anmol Chicken Corner,28.6614013,77.20702626,Afghan Restaurant
Bara Hindu Rao,28.6595181,77.20501,Pancham Chole Kulche,28.6570239,77.20371,Snack Place
Bara Hindu Rao,28.6595181,77.20501,Kamal Sweets,28.659733,77.209043,Indian Restaurant
Paharganj,28.6419258,77.2217499,KFC,28.64180455,77.21909138,Fast Food Restaurant
Paharganj,28.6419258,77.2217499,KFC,28.64498202,77.2235039,Fast Food Restaurant
Paharganj,28.6419258,77.2217499,Comesum - The Food Junction,28.64284589,77.22303796,Food Court
Paharganj,28.6419258,77.2217499,Khan Market,28.64221957,77.21831103,Chinese Restaurant
Barakhamba Road,28.6291417,77.2261489,Tamasha,28.62966333,77.22183483,Gastropub
Barakhamba Road,28.6291417,77.2261489,Bijoli grill,28.62590483,77.22576624,Indian Restaurant
Barakhamba Road,28.6291417,77.2261489,Chew,28.63200153,77.22270642,Asian Restaurant
Barakhamba Road,28.6291417,77.2261489,Garam Dharam,28.63184213,77.22275212,North Indian Restaurant
Connaught Place,28.6313827,77.2197924,Rajdhani Thali,28.62999946,77.22040113,Indian Restaurant
Connaught Place,28.6313827,77.2197924,Farzi Cafe,28.6325808,77.22112484,Molecular Gastronomy Restaurant
Connaught Place,28.6313827,77.2197924,Wenger's,28.6334119,77.21829193,Bakery
Connaught Place,28.6313827,77.2197924,Chaayos,28.63162854,77.22036426,Café
Connaught Place,28.6313827,77.2197924,Barbeque Nation,28.63025339,77.22098502,BBQ Joint
Connaught Place,28.6313827,77.2197924,Johnny Rockets,28.630457,77.219594,Bistro
Connaught Place,28.6313827,77.2197924,United Coffee House,28.63247672,77.22111998,Indian Restaurant
Connaught Place,28.6313827,77.2197924,Pind Balluchi,28.63031834,77.21760033,North Indian Restaurant
Connaught Place,28.6313827,77.2197924,Jain Chawal Wale,28.63132836,77.21617206,Food Truck
Connaught Place,28.6313827,77.2197924,HOTEL SARAVANA BHAVAN,28.63231947,77.21644532,South Indian Restaurant
Connaught Place,28.6313827,77.2197924,Tamasha,28.62966333,77.22183483,Gastropub
Connaught Place,28.6313827,77.2197924,Khan Chacha | खान चाचा | خان چاچا,28.63420229,77.22077981,Indian Restaurant
Connaught Place,28.6313827,77.2197924,Nando's,28.63094667,77.21972076,Portuguese Restaurant
Connaught Place,28.6313827,77.2197924,Wenger's Deli,28.63365799,77.21813924,Deli / Bodega
Connaught Place,28.6313827,77.2197924,Berco's,28.63240705,77.21732308,Chinese Restaurant
Connaught Place,28.6313827,77.2197924,Dunkin',28.63018187,77.2196221,Donut Shop
Connaught Place,28.6313827,77.2197924,Immigrants Project - A Cafe in History,28.63405505,77.21886681,Café
Connaught Place,28.6313827,77.2197924,Nizam's Kathi Kabab | निजा़म काठी कबाब,28.63485796,77.21946245,Indian Restaurant
Connaught Place,28.6313827,77.2197924,Odeon Social,28.6344142,77.22093551,Café
Connaught Place,28.6313827,77.2197924,Sagar Ratna,28.63548725,77.22064969,Indian Restaurant
Connaught Place,28.6313827,77.2197924,Warehouse Cafe,28.63372639,77.22102408,Café
Connaught Place,28.6313827,77.2197924,Chew,28.63200153,77.22270642,Asian Restaurant
Connaught Place,28.6313827,77.2197924,Fresc Co,28.62841503,77.21954939,Italian Restaurant
Connaught Place,28.6313827,77.2197924,Burger King,28.63282845,77.22132551,Fast Food Restaurant
Connaught Place,28.6313827,77.2197924,Costa Coffee,28.63173492,77.21840646,Café
Connaught Place,28.6313827,77.2197924,Smoke House Deli,28.633764,77.221405,Deli / Bodega
Connaught Place,28.6313827,77.2197924,McDonald’s,28.63002569,77.21992786,Fast Food Restaurant
Connaught Place,28.6313827,77.2197924,Panchayat Paan Parlour,28.63407326,77.22264499,Indian Restaurant
Connaught Place,28.6313827,77.2197924,Kwality Restaurant,28.62974365,77.2174313,Indian Restaurant
Connaught Place,28.6313827,77.2197924,McDonald's,28.63236574,77.21648256,Fast Food Restaurant
Connaught Place,28.6313827,77.2197924,"Zen Chinese, Connaught Place",28.63365782,77.21949493,Chinese Restaurant
Connaught Place,28.6313827,77.2197924,Anand Biryani House,28.62913639,77.22012996,Indian Restaurant
Connaught Place,28.6313827,77.2197924,Garam Dharam,28.63184213,77.22275212,North Indian Restaurant
Connaught Place,28.6313827,77.2197924,Shake square,28.63340597,77.21875906,Café
Connaught Place,28.6313827,77.2197924,Haldiram's,28.63422999,77.22233494,Indian Restaurant
Connaught Place,28.6313827,77.2197924,Ignis,28.63422723,77.21880057,Asian Restaurant
Connaught Place,28.6313827,77.2197924,McDonald's,28.63181065,77.21968646,Fast Food Restaurant
Connaught Place,28.6313827,77.2197924,Comesum,28.632658,77.21968842,Snack Place
Connaught Place,28.6313827,77.2197924,Veda Restaurant,28.63521021,77.21807927,Indian Restaurant
Connaught Place,28.6313827,77.2197924,Domino's Pizza,28.63014635,77.219728,Pizza Place
Connaught Place,28.6313827,77.2197924,Japanese Fuji Restaurant,28.63309875,77.2221218,Japanese Restaurant
Connaught Place,28.6313827,77.2197924,Side Wok,28.63290716,77.21633721,Chinese Restaurant
Connaught Place,28.6313827,77.2197924,Kake-Da-Hotel,28.63471071,77.22201573,Indian Restaurant
Connaught Place,28.6313827,77.2197924,Punjabi by Nature Quickie,28.63086349,77.21977972,North Indian Restaurant
Connaught Place,28.6313827,77.2197924,Fa Yian,28.63279328,77.21718821,Chinese Restaurant
Connaught Place,28.6313827,77.2197924,Caffe Tonino,28.63483811,77.21954257,Italian Restaurant
Connaught Place,28.6313827,77.2197924,Depauls Cold Coffee,28.62903388,77.21866617,Café
Connaught Place,28.6313827,77.2197924,McDonald's,28.63408191,77.21920575,Fast Food Restaurant
Connaught Place,28.6313827,77.2197924,Indian Coffee House,28.63075593,77.21605435,Café
Connaught Place,28.6313827,77.2197924,Domino's Pizza,28.63330076,77.22279586,Pizza Place
Connaught Place,28.6313827,77.2197924,Pizza Hut,28.6276354,77.21949904,Pizza Place
Connaught Place,28.6313827,77.2197924,Minar,28.63475115,77.22197133,Indian Restaurant
Connaught Place,28.6313827,77.2197924,FIRE,28.62873718,77.21649768,Indian Restaurant
Connaught Place,28.6313827,77.2197924,MIST,28.62872006,77.21629222,Italian Restaurant
Connaught Place,28.6313827,77.2197924,Gola Sizzlers,28.63518246,77.2198599,BBQ Joint
Connaught Place,28.6313827,77.2197924,Biryani Paradise,28.631388,77.216448,Hyderabadi Restaurant
Connaught Place,28.6313827,77.2197924,Lady Baga,28.631674,77.21623,Restaurant
Connaught Place,28.6313827,77.2197924,Caffe9,28.63279916,77.21655943,Indian Restaurant
Connaught Place,28.6313827,77.2197924,G,28.63127367,77.21608784,Indian Restaurant
Connaught Place,28.6313827,77.2197924,Fifty9,28.63380618,77.21719383,Restaurant
Connaught Place,28.6313827,77.2197924,SIDEWOK,28.63290565,77.21640224,Chinese Restaurant
Connaught Place,28.6313827,77.2197924,The Great Kabab Factory,28.63382587,77.21708716,Indian Restaurant
Connaught Place,28.6313827,77.2197924,China Garden,28.63434232,77.21739032,Chinese Restaurant
Connaught Place,28.6313827,77.2197924,"Hira Sweets, CP",28.63515747,77.21998961,Diner
Connaught Place,28.6313827,77.2197924,The Darzi Bar & Kitchen,28.635185,77.219436,Multicuisine Indian Restaurant
Connaught Place,28.6313827,77.2197924,Pioneer's Flavour of China,28.63518572,77.21940279,Chinese Restaurant
Connaught Place,28.6313827,77.2197924,Zizo,28.63521989,77.22000084,Falafel Restaurant
Connaught Place,28.6313827,77.2197924,Sandoz CP,28.632894,77.215702,North Indian Restaurant
Connaught Place,28.6313827,77.2197924,Flavours Of China,28.634668,77.217381,Chinese Restaurant
Gole Market,28.63371865,77.20562662,Kaleva,28.6332986,77.20848838,Snack Place
Gole Market,28.63371865,77.20562662,Sakura,28.63130957,77.20810381,Japanese Restaurant
Gole Market,28.63371865,77.20562662,Nirula's,28.63370598,77.20598756,Fast Food Restaurant
Gole Market,28.63371865,77.20562662,Sarvam Safari,28.63202765,77.20744735,Indian Restaurant
Gole Market,28.63371865,77.20562662,Bangla Pastry Shop,28.63342203,77.2087387,Bakery
Gole Market,28.63371865,77.20562662,Zing,28.63156771,77.20782914,Café
Gole Market,28.63371865,77.20562662,Chutney,28.63136684,77.20805372,Indian Restaurant
Gole Market,28.63371865,77.20562662,Bangla Sweet & Spice restaurant,28.633858,77.20947,Bengali Restaurant
INA Colony,28.5794721,77.2124508,Dosa Junction,28.5771748,77.21052971,South Indian Restaurant
INA Colony,28.5794721,77.2124508,Gol Gappe Chaat Corner,28.5819,77.21596,Food Stand
Khan Market,28.6001354,77.22649064,The Big Chill Cafe,28.6006863,77.22763622,Italian Restaurant
Khan Market,28.6001354,77.22649064,SODABOTTLEOPENERWALA,28.60014087,77.22627304,Irani Cafe
Khan Market,28.6001354,77.22649064,L'Opera,28.59978438,77.22614412,Café
Khan Market,28.6001354,77.22649064,Smoke House Deli,28.59985009,77.22689969,French Restaurant
Khan Market,28.6001354,77.22649064,Perch,28.5999874,77.22634987,Café
Khan Market,28.6001354,77.22649064,Khan Chacha,28.60061825,77.22723729,Indian Restaurant
Khan Market,28.6001354,77.22649064,La Vie,28.60044861,77.2269516,Mediterranean Restaurant
Khan Market,28.6001354,77.22649064,Mamagoto,28.60046945,77.22727179,Chinese Restaurant
Khan Market,28.6001354,77.22649064,Yellow Brick Road,28.60188444,77.229298,Restaurant
Khan Market,28.6001354,77.22649064,The Blue Door Cafe,28.60006783,77.22658165,Café
Khan Market,28.6001354,77.22649064,Cafe Turtle,28.6001592,77.22723799,Café
Khan Market,28.6001354,77.22649064,Smokeys BBQ & Grill,28.600465,77.22713597,BBQ Joint
Khan Market,28.6001354,77.22649064,Town Hall,28.60018042,77.226954,Asian Restaurant
Khan Market,28.6001354,77.22649064,The Chatter House,28.60029774,77.22706055,Café
Khan Market,28.6001354,77.22649064,Wok In The Clouds,28.60050188,77.22722974,Indian Restaurant
Khan Market,28.6001354,77.22649064,La Bodega,28.60027598,77.22765266,Mexican Restaurant
Khan Market,28.6001354,77.22649064,The Coffee Bean And Tea Leaf,28.60019072,77.22678658,Café
Khan Market,28.6001354,77.22649064,Choko La,28.60013879,77.22644667,Food
Khan Market,28.6001354,77.22649064,Sidewok,28.60076567,77.22701345,Asian Restaurant
Khan Market,28.6001354,77.22649064,Subway,28.59958445,77.22618511,Sandwich Place
Khan Market,28.6001354,77.22649064,Latitude 28,28.59958792,77.22641171,Café
Khan Market,28.6001354,77.22649064,McDonald's,28.60060793,77.22778777,Fast Food Restaurant
Khan Market,28.6001354,77.22649064,Cafe Coffee Day,28.59980835,77.226753,Café
Khan Market,28.6001354,77.22649064,Barcelos,28.60037957,77.22700686,Portuguese Restaurant
Khan Market,28.6001354,77.22649064,Sidewok (With Liquor),28.59981396,77.22695634,Chinese Restaurant
Khan Market,28.6001354,77.22649064,The Kitchen,28.59985086,77.22638309,Eastern European Restaurant
Khan Market,28.6001354,77.22649064,Taj Ambassador,28.60087034,77.22829799,Indian Restaurant
Khan Market,28.6001354,77.22649064,mr. choy,28.59990635,77.22641181,Chinese Restaurant
Khan Market,28.6001354,77.22649064,Watermelon,28.5996778,77.22621543,American Restaurant
Khan Market,28.6001354,77.22649064,The Artful Baker,28.59983583,77.22671495,Bakery
Khan Market,28.6001354,77.22649064,Sly Granny,28.600063,77.226173,Gastropub
Khan Market,28.6001354,77.22649064,Yum Yum Cha,28.600058,77.22639,Japanese Restaurant
Khan Market,28.6001354,77.22649064,Larry's China,28.60176088,77.22919615,Chinese Restaurant
Pragati Maidan,28.6234593,77.2425121,Aahar,28.62143491,77.24197746,Indian Restaurant
Brij Puri,28.7025095,77.2737771,Anand Sagar Sweets,28.702434,77.272368,North Indian Restaurant
Brij Puri,28.7025095,77.2737771,waho tenzin restaurant,28.70254709,77.2705718,Dumpling Restaurant
East Vinod Nagar,28.6227661,77.3075035,Kenz Kitchen,28.624008,77.311764,Diner
Geeta Colony,28.65010115,77.2759209,Domino's Pizza,28.652,77.278,Pizza Place
Geeta Colony,28.65010115,77.2759209,Durga bakery,28.65261154,77.27836599,Bakery
Jhilmil Colony,28.6698142,77.3072827,Jai Jawan,28.66711483,77.30433165,Indian Restaurant
Jhilmil Colony,28.6698142,77.3072827,Sutta Point,28.66750864,77.3035687,Asian Restaurant
Jhilmil Colony,28.6698142,77.3072827,"Khaaja Chowk, Ginger East",28.66653393,77.30393335,Indian Restaurant
Krishna Nagar,28.5637017,77.19340976,Kori's Cafe & Restro,28.562663,77.193627,Korean Restaurant
Krishna Nagar,28.5637017,77.19340976,Naga Diner,28.56198,77.1943,Northeast Indian Restaurant
Krishna Nagar,28.5637017,77.19340976,Scarlette,28.563148,77.190739,French Restaurant
Krishna Nagar,28.5637017,77.19340976,Al Kauser,28.56515743,77.19605487,Indian Restaurant
Krishna Nagar,28.5637017,77.19340976,Le Himalaya,28.560843,77.19325,Asian Restaurant
Krishna Nagar,28.5637017,77.19340976,Hornbill,28.5615654,77.19122314,North Indian Restaurant
Krishna Nagar,28.5637017,77.19340976,Tossin Pizza,28.562932,77.189509,Pizza Place
Laxmi Nagar,28.6303085,77.2775633,Fab and Feast,28.6309324,77.2742782,Indian Restaurant
Laxmi Nagar,28.6303085,77.2775633,Sushi,28.63253509,77.28015594,Sushi Restaurant
Laxmi Nagar,28.6303085,77.2775633,prasadam,28.63262899,77.28035996,South Indian Restaurant
Laxmi Nagar,28.6303085,77.2775633,Barakhamba Rd. Food Street,28.63102202,77.28138476,Snack Place
Laxmi Nagar,28.6303085,77.2775633,Shubham Eating Corner,28.63305283,77.28113556,Indian Restaurant
Laxmi Nagar,28.6303085,77.2775633,Uzbekk,28.628286,77.273215,Fast Food Restaurant
Mayur Vihar,28.6131071,77.2957221,Badnam Tea,28.61078481,77.29618013,Snack Place
Mayur Vihar,28.6131071,77.2957221,Tundey Kababi,28.61575239,77.29871597,Indian Restaurant
Mayur Vihar,28.6131071,77.2957221,Eat Out Chinese Van,28.61300224,77.29100169,Food Truck
Pandav Nagar,28.6501272,77.1532783,aaojee,28.653109,77.155854,Indian Restaurant
Pandav Nagar,28.6501272,77.1532783,Bihari Chay Wala Night Open,28.65374314,77.15528225,Café
Pandav Nagar,28.6501272,77.1532783,Salt n Pepper,28.650778,77.158287,Indian Restaurant
Patparganj,28.6115923,77.2905644,Neelgiri south indian restaurant,28.60843259,77.29293732,Indian Restaurant
Patparganj,28.6115923,77.2905644,Eat Out Chinese Van,28.61300224,77.29100169,Food Truck
Patparganj,28.6115923,77.2905644,Green Leaf Restaurant,28.61206547,77.28783131,Indian Restaurant
Patparganj,28.6115923,77.2905644,Sagar Ratna,28.60900198,77.29247165,Indian Restaurant
Patparganj,28.6115923,77.2905644,Hot Joint,28.60758379,77.29015449,Food Truck
Preet Vihar,28.6377532,77.2951746,Domino's Pizza,28.639,77.293,Pizza Place
Preet Vihar,28.6377532,77.2951746,Bercos,28.63935507,77.29120928,Chinese Restaurant
Preet Vihar,28.6377532,77.2951746,KFC,28.64205341,77.29601743,Fast Food Restaurant
Preet Vihar,28.6377532,77.2951746,Cafe 21,28.64186405,77.29595572,Café
Preet Vihar,28.6377532,77.2951746,Bobby Tikki Wala,28.64193554,77.29574814,Fast Food Restaurant
Anand Vihar,28.6256914,77.10194107,Om Sweets,28.62791929,77.10020022,Indian Restaurant
Anand Vihar,28.6256914,77.10194107,Domino's Pizza,28.62844366,77.09825457,Pizza Place
Anand Vihar,28.6256914,77.10194107,Om Sweets,28.62845757,77.0982787,Indian Restaurant
Anand Vihar,28.6256914,77.10194107,Peshori Chicken Soup,28.62327909,77.10201534,Soup Place
Anand Vihar,28.6256914,77.10194107,Kadimi,28.62849271,77.098231,Indian Sweet Shop
Anand Vihar,28.6256914,77.10194107,Chawla Chicken,28.62848216,77.09827009,Punjabi Restaurant
Shakarpur,28.62948875,77.28106073,Barakhamba Rd. Food Street,28.63102202,77.28138476,Snack Place
Shakarpur,28.62948875,77.28106073,Sushi,28.63253509,77.28015594,Sushi Restaurant
Shakarpur,28.62948875,77.28106073,prasadam,28.63262899,77.28035996,South Indian Restaurant
Shakarpur,28.62948875,77.28106073,Shubham Eating Corner,28.63305283,77.28113556,Indian Restaurant
Shakarpur,28.62948875,77.28106073,Chai & Thanda Cafe,28.63272055,77.28323078,Café
Shakarpur,28.62948875,77.28106073,Hira sweets,28.63337183,77.28162604,Diner
Shakarpur,28.62948875,77.28106073,Aahar Vihar,28.63339379,77.28223604,Indian Restaurant
Vasundhara Enclave,28.60172565,77.3211225,Domino's Pizza,28.601,77.323,Pizza Place
Vasundhara Enclave,28.60172565,77.3211225,New Chinese Food Corner,28.601169,77.322884,Indian Chinese Restaurant
Vasundhara Enclave,28.60172565,77.3211225,Kathi Junction,28.60061621,77.32033571,Snack Place
Vasundhara Enclave,28.60172565,77.3211225,Flavours Of South,28.599775,77.318214,South Indian Restaurant
Vivek Vihar,28.6691641,77.31226695,Urban Punjab,28.66824756,77.31226384,Indian Restaurant
Shahdara,28.6773038,77.2903467,New Shahi Food Corner,28.676237,77.29045,Dhaba
Shahdara,28.6773038,77.2903467,Halidrams,28.67591837,77.29012643,Vegetarian / Vegan Restaurant
Shahdara,28.6773038,77.2903467,Morning Corner,28.679894,77.287361,Breakfast Spot
Alaknanda,28.5293364,77.2516323,City Of Joy,28.53268476,77.25300336,Restaurant
Alaknanda,28.5293364,77.2516323,Qureshi's,28.52782957,77.24683745,BBQ Joint
Alaknanda,28.5293364,77.2516323,Qureshi Kabab,28.52775012,77.24696608,BBQ Joint
Alaknanda,28.5293364,77.2516323,Subway,28.52683321,77.25282112,New American Restaurant
Alaknanda,28.5293364,77.2516323,Nathu's Sweets,28.53323319,77.25013836,Indian Restaurant
Alaknanda,28.5293364,77.2516323,"Republic of Chicken, Alaknanda",28.52571179,77.25403339,Steakhouse
Alaknanda,28.5293364,77.2516323,Pizza Hut - Alaknanda,28.52793462,77.2470851,Pizza Place
Alaknanda,28.5293364,77.2516323,zaitoon,28.52791732,77.2468606,Middle Eastern Restaurant
Alaknanda,28.5293364,77.2516323,The Final Frontier,28.5277404,77.24687182,Indian Restaurant
Chhattarpur,28.5070073,77.1754171,Calcutta Puchkas Near Chattarpur Metro,28.506842,77.175964,Snack Place
Chhattarpur,28.5070073,77.1754171,Aggarwal Sweets,28.50590861,77.17462571,Indian Restaurant
Chhattarpur,28.5070073,77.1754171,Konomi @ Trident Gurgaon,28.50759822,77.17540074,Japanese Restaurant
Chhattarpur,28.5070073,77.1754171,Burger King,28.506844,77.175,Burger Joint
Chhattarpur,28.5070073,77.1754171,Bobby's Biryani,28.51060105,77.1777033,Fried Chicken Joint
Chittaranjan Park,28.5387523,77.24924935,Kolkata Biryani House,28.54034,77.248892,Fast Food Restaurant
Chittaranjan Park,28.5387523,77.24924935,Hotel Royal Castle Grand,28.54079801,77.24975109,Indian Restaurant
Chittaranjan Park,28.5387523,77.24924935,Flaming wok,28.5408368,77.24989933,Chinese Restaurant
Chittaranjan Park,28.5387523,77.24924935,Bunty Dhaba,28.539879,77.252077,Indian Restaurant
Chittaranjan Park,28.5387523,77.24924935,WOW Momo,28.54109144,77.24751728,Dim Sum Restaurant
Chittaranjan Park,28.5387523,77.24924935,Pizza Square,28.53915866,77.2529304,Pizza Place
Chittaranjan Park,28.5387523,77.24924935,Dadu Cutlet Shop,28.53647804,77.25339919,Fast Food Restaurant
Dayanand Colony,28.5621997,77.2476131,The Colony Bistro,28.56275785,77.24445099,Café
Dayanand Colony,28.5621997,77.2476131,Tibet Kitchen,28.56383375,77.24510965,Restaurant
Dayanand Colony,28.5621997,77.2476131,McDonald's,28.55857665,77.24696724,Fast Food Restaurant
Dayanand Colony,28.5621997,77.2476131,Kaka ji Chole Bhature,28.56424866,77.2465968,Fast Food Restaurant
Dayanand Colony,28.5621997,77.2476131,Gharua Exaj,28.55968151,77.24585592,Restaurant
Defence Colony,28.5717909,77.2320102,Sagar South Indian Restaurant,28.57339263,77.23029286,South Indian Restaurant
Defence Colony,28.5717909,77.2320102,Amici Cafe,28.57374778,77.23017769,Italian Restaurant
Defence Colony,28.5717909,77.2320102,Moets Stone,28.57323836,77.23053722,Italian Restaurant
Defence Colony,28.5717909,77.2320102,Swagath Restaurant & Bar,28.57348863,77.23018335,Indian Restaurant
Defence Colony,28.5717909,77.2320102,Brown sugar,28.57364648,77.23029156,Café
Defence Colony,28.5717909,77.2320102,Angels In My Kitchen,28.57402293,77.22985855,Bakery
Defence Colony,28.5717909,77.2320102,Colonel's Kababz,28.57400875,77.23048985,Indian Restaurant
Defence Colony,28.5717909,77.2320102,subway,28.57368468,77.23027956,Sandwich Place
Defence Colony,28.5717909,77.2320102,Defence Colony Bakery,28.57377443,77.23029696,Bakery
Defence Colony,28.5717909,77.2320102,Moets Sizzlers,28.5731367,77.23043087,Restaurant
Defence Colony,28.5717909,77.2320102,Kent's,28.5740913,77.23045545,Burger Joint
Defence Colony,28.5717909,77.2320102,Ca Va,28.57369933,77.23003257,Italian Restaurant
Defence Colony,28.5717909,77.2320102,Rollmaal,28.57306074,77.23043674,Indian Restaurant
Defence Colony,28.5717909,77.2320102,Au Bon Pain,28.57373294,77.23035253,Café
Defence Colony,28.5717909,77.2320102,Liquid Kitchen,28.57390699,77.230313,Indian Restaurant
Defence Colony,28.5717909,77.2320102,Little Dragon Chinese Van,28.57369132,77.22852814,Food Truck
Defence Colony,28.5717909,77.2320102,Yoko Sizzlers,28.575624,77.229576,Steakhouse
East of Kailash,28.5570322,77.24461392,Sanjha Chulha,28.55453085,77.2420515,Indian Restaurant
East of Kailash,28.5570322,77.24461392,McDonald's,28.55857665,77.24696724,Fast Food Restaurant
East of Kailash,28.5570322,77.24461392,Nirula,28.55751766,77.24522542,Hot Dog Joint
East of Kailash,28.5570322,77.24461392,Gharua Exaj,28.55968151,77.24585592,Restaurant
East of Kailash,28.5570322,77.24461392,Domino`s Pizza,28.55341564,77.24267364,Pizza Place
East of Kailash,28.5570322,77.24461392,Anupama,28.5535782,77.24229813,Snack Place
East of Kailash,28.5570322,77.24461392,City Cafe,28.55327579,77.24288777,Café
Friends Colony,28.5667513,77.2619181,Modern bazzar,28.56670049,77.26259751,Fast Food Restaurant
Friends Colony,28.5667513,77.2619181,Phoenix Restaurant,28.565489,77.26289,Diner
Friends Colony,28.5667513,77.2619181,The Phoenix - Mantra Amaltas,28.567176,77.26183534,Chinese Restaurant
Greater Kailash,28.5546327,77.2285698,Cafe turtle,28.55642514,77.23293877,Café
Greater Kailash,28.5546327,77.2285698,Ciro's Pomodoro,28.55686174,77.23277714,Italian Restaurant
Greater Kailash,28.5546327,77.2285698,Kasbah,28.55678574,77.23289092,Indian Restaurant
Greater Kailash,28.5546327,77.2285698,In the Punjab,28.55651435,77.23262995,Indian Restaurant
Greater Kailash,28.5546327,77.2285698,Zaffran,28.55685902,77.23300358,Indian Restaurant
Greater Kailash,28.5546327,77.2285698,Cuppa Mocha,28.55377679,77.22834289,Café
Greater Kailash,28.5546327,77.2285698,Bread & More,28.55650891,77.23286485,Bakery
Greater Kailash,28.5546327,77.2285698,Dim Cha,28.55633258,77.23277753,Dim Sum Restaurant
Greater Kailash,28.5546327,77.2285698,Le cafe,28.556891,77.232816,Café
Greater Kailash,28.5546327,77.2285698,Bohemia,28.55690003,77.23281121,Mediterranean Restaurant
Greater Kailash,28.5546327,77.2285698,Spago,28.55677865,77.2329347,Italian Restaurant
Green Park,28.5580022,77.2068211,Gung The Palace,28.55682747,77.20529819,Korean Restaurant
Green Park,28.5580022,77.2068211,Tamura,28.55815373,77.20635637,Japanese Restaurant
Green Park,28.5580022,77.2068211,Nagaland's Kitchen,28.55770614,77.20581286,Asian Restaurant
Green Park,28.5580022,77.2068211,Adyar Ananda Bhavan,28.55729329,77.20250249,Indian Restaurant
Green Park,28.5580022,77.2068211,Evergreen Sweets,28.55649695,77.20241127,Indian Restaurant
Green Park,28.5580022,77.2068211,Karnataka Restaurant,28.55926513,77.20695889,Indian Restaurant
Green Park,28.5580022,77.2068211,Mad Over Donuts,28.55857401,77.20213586,Donut Shop
Green Park,28.5580022,77.2068211,Domino's Pizza,28.5566264,77.20247306,Pizza Place
Green Park,28.5580022,77.2068211,caf coffee day,28.55824144,77.20283424,Café
Green Park,28.5580022,77.2068211,Rosang Cafe & Store,28.55798353,77.20594264,Indian Restaurant
Green Park,28.5580022,77.2068211,Pizza Hut,28.55627297,77.20220549,Pizza Place
Green Park,28.5580022,77.2068211,Madhuvan Chinese Fast Food,28.55830564,77.20763263,Chinese Restaurant
Green Park,28.5580022,77.2068211,Hong Kong Restaurant,28.55788646,77.20790213,Chinese Restaurant
Green Park,28.5580022,77.2068211,Drums of Heaven,28.55798023,77.20603285,Chinese Restaurant
Green Park,28.5580022,77.2068211,Nirula's yusuf sarai,28.55768756,77.20777791,Fast Food Restaurant
Green Park,28.5580022,77.2068211,Flaming Wok,28.55798052,77.20752596,Chinese Restaurant
Green Park,28.5580022,77.2068211,Twenty Ten,28.55830564,77.20633567,Indian Restaurant
Green Park,28.5580022,77.2068211,Say Cheese,28.55793809,77.2073126,Fast Food Restaurant
Green Park,28.5580022,77.2068211,Nirulas,28.557771,77.209191,Indian Restaurant
Green Park,28.5580022,77.2068211,Gupta Tea Stall,28.56032517,77.20845236,Breakfast Spot
Green Park,28.5580022,77.2068211,Junction,28.554196,77.206087,Bistro
Green Park,28.5580022,77.2068211,A2B Restaurant,28.55732289,77.20243345,Indian Restaurant
Green Park,28.5580022,77.2068211,Hot Box,28.56024803,77.21058024,Café
Green Park,28.5580022,77.2068211,Madras Cafe,28.55654778,77.2024494,Indian Restaurant
Gulmohar Park,28.5571011,77.2130055,Nirulas,28.557771,77.209191,Indian Restaurant
Gulmohar Park,28.5571011,77.2130055,Hot Box,28.56024803,77.21058024,Café
Gulmohar Park,28.5571011,77.2130055,Angeethi,28.55331433,77.21253633,Indian Restaurant
Gulmohar Park,28.5571011,77.2130055,Sasha's Haven,28.55410594,77.2092104,Fried Chicken Joint
Hauz Khas,28.5442564,77.2067072,Golden Dragon,28.54378,77.20854269,Chinese Restaurant
Hauz Khas,28.5442564,77.2067072,Healthy Treat,28.54166573,77.20423222,Sandwich Place
Hauz Khas,28.5442564,77.2067072,The Kettle Drum,28.54720008,77.20949665,Café
Hauz Khas,28.5442564,77.2067072,Kebab Gali,28.54173236,77.21026021,Mughlai Restaurant
Hauz Khas,28.5442564,77.2067072,AlaTurka,28.54095272,77.20946296,Doner Restaurant
Hauz Khas,28.5442564,77.2067072,Urban Kathi,28.541312,77.210231,Indian Restaurant
Hauz Khas Village,28.55385485,77.19471276,Coast Cafe,28.55477945,77.19521437,Café
Hauz Khas Village,28.55385485,77.19471276,Imperfecto,28.55465746,77.19509179,Mediterranean Restaurant
Hauz Khas Village,28.55385485,77.19471276,Naivedyam,28.55498712,77.19510434,South Indian Restaurant
Hauz Khas Village,28.55385485,77.19471276,Yeti - The Himalayan Kitchen,28.55365646,77.19426149,Tibetan Restaurant
Hauz Khas Village,28.55385485,77.19471276,The Golconda Bowl,28.55497165,77.19414702,Indian Restaurant
Hauz Khas Village,28.55385485,77.19471276,Fork You,28.55399657,77.19445468,American Restaurant
Hauz Khas Village,28.55385485,77.19471276,Ogaan Coast Café,28.5547708,77.19519191,Indian Restaurant
Hauz Khas Village,28.55385485,77.19471276,Cafe Ziro,28.55513904,77.19462455,Café
Hauz Khas Village,28.55385485,77.19471276,Kaffeine,28.55368816,77.19429344,Tapas Restaurant
Hauz Khas Village,28.55385485,77.19471276,L'opera,28.55443108,77.19448824,Bakery
Hauz Khas Village,28.55385485,77.19471276,Iron Curtain,28.55450174,77.19401836,Restaurant
Hauz Khas Village,28.55385485,77.19471276,The Project,28.55571965,77.19549336,Italian Restaurant
Hauz Khas Village,28.55385485,77.19471276,The Garage,28.55385639,77.19478226,Restaurant
Hauz Khas Village,28.55385485,77.19471276,Zo,28.55516308,77.19465732,Mediterranean Restaurant
Hauz Khas Village,28.55385485,77.19471276,Bohéme,28.55493108,77.19420187,Scandinavian Restaurant
Hauz Khas Village,28.55385485,77.19471276,Moonshine Cafe & Bar,28.55389824,77.19439594,Café
Hauz Khas Village,28.55385485,77.19471276,Masha,28.55403055,77.19491959,Turkish Restaurant
Hauz Khas Village,28.55385485,77.19471276,Raas,28.55412692,77.19438017,Indian Restaurant
Hauz Khas Village,28.55385485,77.19471276,Flipside Cafe,28.55454734,77.19454058,Café
Hauz Khas Village,28.55385485,77.19471276,Thadi,28.55454594,77.19406519,Café
Hauz Khas Village,28.55385485,77.19471276,The Leaky Cauldron,28.55471362,77.19405026,Restaurant
Hauz Khas Village,28.55385485,77.19471276,Fat Ninja,28.5543489,77.19464547,Asian Restaurant
Hauz Khas Village,28.55385485,77.19471276,Garage Inc.,28.55383588,77.19489557,American Restaurant
Hauz Khas Village,28.55385485,77.19471276,Bagels Cafe,28.55376883,77.1943458,Bagel Shop
Hauz Khas Village,28.55385485,77.19471276,Pizzeria Rossa,28.55440893,77.19477202,Italian Restaurant
Hauz Khas Village,28.55385485,77.19471276,Park Baluchi,28.55591597,77.19522383,Indian Restaurant
Hauz Khas Village,28.55385485,77.19471276,The Pink Room,28.55421458,77.19451162,Restaurant
Hauz Khas Village,28.55385485,77.19471276,Gunpowder,28.55496305,77.19414903,Indian Restaurant
Hauz Khas Village,28.55385485,77.19471276,Dzukou,28.55459096,77.19405587,Asian Restaurant
Hauz Khas Village,28.55385485,77.19471276,The 1970s cafe,28.55491198,77.19507222,Italian Restaurant
Hauz Khas Village,28.55385485,77.19471276,Faarsi,28.55439323,77.19468477,Mediterranean Restaurant
Hauz Khas Village,28.55385485,77.19471276,The food mill,28.55478762,77.19558881,Restaurant
Hauz Khas Village,28.55385485,77.19471276,Lah !,28.55466988,77.19478585,Asian Restaurant
Hauz Khas Village,28.55385485,77.19471276,Wow Momo,28.55418537,77.19522944,Dumpling Restaurant
Hauz Khas Village,28.55385485,77.19471276,The Toddy Shop,28.55456446,77.19514522,Indian Restaurant
Hauz Khas Village,28.55385485,77.19471276,Roost Bistro,28.55441691,77.19504414,Restaurant
Hauz Khas Village,28.55385485,77.19471276,Social Chhat,28.554399,77.193913,Indian Restaurant
Hauz Khas Village,28.55385485,77.19471276,Azure Cafe & Kitchen,28.55470203,77.19439279,Café
Hauz Khas Village,28.55385485,77.19471276,khalista,28.55454132,77.19411203,Italian Restaurant
Hauz Khas Village,28.55385485,77.19471276,Lópéra,28.55407737,77.19449947,Bakery
Hauz Khas Village,28.55385485,77.19471276,Maquina,28.55392912,77.19440545,Mexican Restaurant
Hauz Khas Village,28.55385485,77.19471276,De Villa Restaurant & Bar,28.55435261,77.19453878,Italian Restaurant
Hauz Khas Village,28.55385485,77.19471276,New York Slice,28.55377764,77.19437032,Fast Food Restaurant
Jangpura,28.58245705,77.24150007,McDonald's,28.58130129,77.24183006,Fast Food Restaurant
Jangpura,28.58245705,77.24150007,Chi Kitchen & Bar,28.58138063,77.24199991,Chinese Restaurant
Jangpura,28.58245705,77.24150007,Barbeque Nation,28.58129432,77.24202919,BBQ Joint
Jangpura,28.58245705,77.24150007,Subway,28.58281489,77.24487369,Sandwich Place
Jangpura,28.58245705,77.24150007,Mughal Restaurant,28.58128118,77.24270714,Food
Jangpura,28.58245705,77.24150007,Hawkers House,28.5811154,77.24102326,Sandwich Place
Jangpura,28.58245705,77.24150007,Arab Street,28.58020582,77.24238159,Snack Place
Jangpura,28.58245705,77.24150007,Novelty,28.58384984,77.24370622,Fast Food Restaurant
Jasola,28.5422327,77.2943856,BTW,28.54124571,77.29693397,Indian Restaurant
Jasola,28.5422327,77.2943856,Al Bake,28.54086212,77.29706656,Indian Restaurant
Jasola,28.5422327,77.2943856,Open Oven,28.5414165,77.29555738,Bakery
Jasola,28.5422327,77.2943856,Southy Sarita Vihar,28.54064478,77.29724609,Fast Food Restaurant
Jor Bagh,28.5865942,77.2125637,Joint,28.58814981,77.21454394,Sushi Restaurant
Jor Bagh,28.5865942,77.2125637,Barista Lavazza,28.58973785,77.20993458,Café
Kailash Colony,28.5530522,77.2429694,The Big Chill Cafe,28.55272789,77.24192323,Italian Restaurant
Kailash Colony,28.5530522,77.2429694,Maxims,28.55284928,77.24206545,Bakery
Kailash Colony,28.5530522,77.2429694,Sanjha Chulha,28.55453085,77.2420515,Indian Restaurant
Kailash Colony,28.5530522,77.2429694,Domino`s Pizza,28.55341564,77.24267364,Pizza Place
Kailash Colony,28.5530522,77.2429694,Anupama,28.5535782,77.24229813,Snack Place
Kailash Colony,28.5530522,77.2429694,Cafe 27,28.55335576,77.24075945,Afghan Restaurant
Kailash Colony,28.5530522,77.2429694,Alkousur's,28.55309733,77.24750044,Indian Restaurant
Khanpur,28.5127982,77.2323949,kareem's,28.51416345,77.23267649,Indian Restaurant
Khanpur,28.5127982,77.2323949,chickens of ludhiana,28.50992711,77.23240614,Indian Restaurant
Khanpur,28.5127982,77.2323949,Art Chilli,28.508975,77.231428,Chinese Restaurant
Khirki Village,28.5298852,77.2180771,The Big Chill Cafe,28.52820114,77.2177481,Restaurant
Khirki Village,28.5298852,77.2180771,Khan Chacha,28.52817038,77.21920724,Indian Restaurant
Khirki Village,28.5298852,77.2180771,Mamagoto,28.52875619,77.21945028,Thai Restaurant
Khirki Village,28.5298852,77.2180771,PaPaYa,28.52842656,77.21835559,Asian Restaurant
Khirki Village,28.5298852,77.2180771,MySquare,28.5294496,77.21936622,Comfort Food Restaurant
Khirki Village,28.5298852,77.2180771,YUM YUM CHA,28.52872519,77.21953637,Japanese Restaurant
Khirki Village,28.5298852,77.2180771,Mahabelly,28.5273031,77.2167995,Restaurant
Khirki Village,28.5298852,77.2180771,Bercos,28.52947855,77.22015117,Chinese Restaurant
Khirki Village,28.5298852,77.2180771,Hard Rock Cafe New Delhi,28.5272184,77.217124,American Restaurant
Khirki Village,28.5298852,77.2180771,Burma Burma,28.532334,77.219184,Burmese Restaurant
Khirki Village,28.5298852,77.2180771,Cafe Delhi Heights,28.52816712,77.2165829,American Restaurant
Khirki Village,28.5298852,77.2180771,Cinnabon,28.52805036,77.21694781,Bakery
Khirki Village,28.5298852,77.2180771,Rajdhani Thali,28.52767197,77.21708154,Asian Restaurant
Khirki Village,28.5298852,77.2180771,Dakshin,28.52667044,77.21608103,Indian Restaurant
Khirki Village,28.5298852,77.2180771,TGI Friday's,28.52846344,77.21617818,American Restaurant
Khirki Village,28.5298852,77.2180771,"Baywatch, Sheraton Saket",28.52667516,77.21596256,Café
Khirki Village,28.5298852,77.2180771,Mad Over Donuts,28.5294408,77.21941441,Donut Shop
Khirki Village,28.5298852,77.2180771,Smoke House Deli,28.5280443,77.21689335,Café
Khirki Village,28.5298852,77.2180771,Johnny Rockets,28.52874764,77.21948441,Burger Joint
Khirki Village,28.5298852,77.2180771,Dunkin',28.52797652,77.21694229,Donut Shop
Khirki Village,28.5298852,77.2180771,Costa Coffee,28.52799075,77.21699071,Café
Khirki Village,28.5298852,77.2180771,The Monk,28.52778927,77.21719899,Chinese Restaurant
Khirki Village,28.5298852,77.2180771,Joy Luck Moon,28.52872418,77.21950572,Chinese Restaurant
Khirki Village,28.5298852,77.2180771,The Punjab Grill,28.52864589,77.21918567,Indian Restaurant
Khirki Village,28.5298852,77.2180771,KFC,28.52829315,77.21931511,Fast Food Restaurant
Khirki Village,28.5298852,77.2180771,Cafe Ludus,28.52920298,77.22030001,Café
Khirki Village,28.5298852,77.2180771,Burger King India,28.52914972,77.21940176,Burger Joint
Khirki Village,28.5298852,77.2180771,Krispy Kreme,28.52910073,77.21946249,Donut Shop
Khirki Village,28.5298852,77.2180771,Johnny Rockets,28.52883,77.21948436,Burger Joint
Khirki Village,28.5298852,77.2180771,The Great Kabab Factory,28.52939305,77.22036154,Steakhouse
Khirki Village,28.5298852,77.2180771,Barbeque Nation Saket,28.52740574,77.21718491,Indian Restaurant
Khirki Village,28.5298852,77.2180771,Carl's Jr.,28.5280591,77.21888927,Fast Food Restaurant
Khirki Village,28.5298852,77.2180771,Chili's Grill & Bar,28.52846207,77.21591256,Tex-Mex Restaurant
Khirki Village,28.5298852,77.2180771,Spice Market,28.52802712,77.21883367,Indian Restaurant
Khirki Village,28.5298852,77.2180771,Gulati Spice Market,28.52792587,77.21855778,Indian Restaurant
Khirki Village,28.5298852,77.2180771,Sattvik,28.52902799,77.21947781,Indian Restaurant
Khirki Village,28.5298852,77.2180771,Dhaba by Claridges,28.52783558,77.21716088,Indian Restaurant
Khirki Village,28.5298852,77.2180771,Pan Asian,28.52690815,77.21608369,Chinese Restaurant
Khirki Village,28.5298852,77.2180771,Sushiya,28.52872899,77.21948781,Japanese Restaurant
Khirki Village,28.5298852,77.2180771,Food Court,28.52948431,77.21937859,Food Court
Khirki Village,28.5298852,77.2180771,Chicago Pizza,28.52856596,77.21917303,Pizza Place
Khirki Village,28.5298852,77.2180771,IHOP,28.528494,77.219103,American Restaurant
Khirki Village,28.5298852,77.2180771,Bistro 4u,28.52902264,77.2193833,Italian Restaurant
Khirki Village,28.5298852,77.2180771,Fat Lulu's,28.52946452,77.2195012,Pizza Place
Khirki Village,28.5298852,77.2180771,Food Chowk,28.52817242,77.21694681,Food Truck
Khirki Village,28.5298852,77.2180771,India Grill,28.52791424,77.21749,Food
Khirki Village,28.5298852,77.2180771,Food Court,28.52809965,77.21690189,Indian Restaurant
Khirki Village,28.5298852,77.2180771,Yo China Cafe,28.52801308,77.21689439,Café
Khirki Village,28.5298852,77.2180771,Foodchwk Dlf Place,28.52793771,77.21708042,Restaurant
Khirki Village,28.5298852,77.2180771,Dhaba,28.52765919,77.21721067,Indian Restaurant
Khirki Village,28.5298852,77.2180771,Barbeque Nation,28.52758447,77.21728365,BBQ Joint
Khirki Village,28.5298852,77.2180771,Kausstubh,28.52757992,77.21721067,Indian Restaurant
Khirki Village,28.5298852,77.2180771,Fast trax,28.53247391,77.21866471,Burger Joint
Khirki Village,28.5298852,77.2180771,CremeBrew,28.53252782,77.21882752,Café
Khirki Village,28.5298852,77.2180771,Parathe Hi Parathe,28.5325649,77.21870962,Indian Restaurant
Khirki Village,28.5298852,77.2180771,Mosaic,28.52729782,77.22089907,Restaurant
Lajpat Nagar,28.5654623,77.2456272,Pind Balluchi,28.5677055,77.24689261,Restaurant
Lajpat Nagar,28.5654623,77.2456272,The Colony Bistro,28.56275785,77.24445099,Café
Lajpat Nagar,28.5654623,77.2456272,Domino's Pizza,28.5672708,77.24659119,Pizza Place
Lajpat Nagar,28.5654623,77.2456272,Mad Over Donuts,28.56730762,77.24677641,Donut Shop
Lajpat Nagar,28.5654623,77.2456272,Costa Coffee,28.56720072,77.24477592,Café
Lajpat Nagar,28.5654623,77.2456272,Dunkin',28.56904914,77.24376797,Donut Shop
Lajpat Nagar,28.5654623,77.2456272,Tibet Kitchen,28.56383375,77.24510965,Restaurant
Lajpat Nagar,28.5654623,77.2456272,Kaka ji Chole Bhature,28.56424866,77.2465968,Fast Food Restaurant
Lajpat Nagar,28.5654623,77.2456272,Beliram Decchiwala,28.56891632,77.24746943,Indian Restaurant
Lodi Colony,28.59070215,77.22092057,The All American Diner,28.58925058,77.2255863,Diner
Lodi Colony,28.59070215,77.22092057,Oriental Octopus At Habitat,28.58923244,77.22568297,Chinese Restaurant
Lodi Colony,28.59070215,77.22092057,Eatopia,28.58998253,77.22550008,Food Court
Lodi Colony,28.59070215,77.22092057,Garden Chef,28.59016049,77.21912506,Chinese Restaurant
Lodi Colony,28.59070215,77.22092057,Dilli Dastarkhwan,28.59054382,77.22308848,Indian Restaurant
Lodi Colony,28.59070215,77.22092057,The Deck (Members Only),28.58927236,77.2253953,Middle Eastern Restaurant
Maharani Bagh,28.5720013,77.2633718,Barista,28.571147,77.264767,Café
Maharani Bagh,28.5720013,77.2633718,Ambar Parathe Wala,28.57183035,77.26544273,Indian Restaurant
Maharani Bagh,28.5720013,77.2633718,blooms eros hotel,28.571927,77.258537,Buffet
Maharani Bagh,28.5720013,77.2633718,"CCD, New Friends Colony",28.57629437,77.26303524,Café
Malviya Nagar,28.5339201,77.2124474,Nazeer,28.53665122,77.21182101,Asian Restaurant
Malviya Nagar,28.5339201,77.2124474,Dunkin',28.53658585,77.21170458,Donut Shop
Malviya Nagar,28.5339201,77.2124474,T'POT,28.53743252,77.21041331,Café
Malviya Nagar,28.5339201,77.2124474,Subway,28.53342264,77.20855342,Sandwich Place
Malviya Nagar,28.5339201,77.2124474,Domino's Pizza,28.534,77.209,Pizza Place
Malviya Nagar,28.5339201,77.2124474,Dana Choga's kitchen,28.53388943,77.20869939,Indian Restaurant
Malviya Nagar,28.5339201,77.2124474,Pudding & Pie,28.536377,77.20957,Bakery
Malviya Nagar,28.5339201,77.2124474,Delhi Heights,28.53273356,77.2080818,Diner
Mehrauli,28.5218262,77.1783232,Thai High,28.5221271,77.18183145,Thai Restaurant
Mehrauli,28.5218262,77.1783232,Tonino Ristorante,28.52179604,77.17758179,Restaurant
Mehrauli,28.5218262,77.1783232,lavaash by Saby,28.52235606,77.18180851,Restaurant
Mehrauli,28.5218262,77.1783232,THAI HIGH at the Qutab,28.52263737,77.18235075,Thai Restaurant
Neeti Bagh,28.5592511,77.2161665,Diggin,28.55566502,77.21859021,Café
Neeti Bagh,28.5592511,77.2161665,CCD Rajiv Chowk,28.55894447,77.21808646,Café
Neeti Bagh,28.5592511,77.2161665,Jughead's Fast Food,28.56120533,77.21657066,Fast Food Restaurant
Neeti Bagh,28.5592511,77.2161665,Jughead's,28.56125364,77.2179012,Pizza Place
Nehru Place,28.54925735,77.252952,Royal China,28.55056116,77.25179404,Chinese Restaurant
Nehru Place,28.54925735,77.252952,Epicuria,28.550926,77.25154709,Food Court
Nehru Place,28.54925735,77.252952,Fio - Cookhouse & Bar,28.55105135,77.25127934,Restaurant
Nehru Place,28.54925735,77.252952,Sona resturant,28.54839908,77.25159837,Fast Food Restaurant
Nehru Place,28.54925735,77.252952,Oh Calcutta,28.55069003,77.25058736,Bengali Restaurant
Nehru Place,28.54925735,77.252952,Dunkin',28.55133553,77.25173195,Donut Shop
Nehru Place,28.54925735,77.252952,"Cafe Coffee Day, Nehru Place",28.54982226,77.25075043,Food
Nehru Place,28.54925735,77.252952,McDonald's,28.55038779,77.25105732,Fast Food Restaurant
Nehru Place,28.54925735,77.252952,The Chatter House,28.55158923,77.25200163,Gastropub
Nehru Place,28.54925735,77.252952,Benihana Of Tokyo,28.55117862,77.25169302,Japanese Restaurant
Nehru Place,28.54925735,77.252952,Blooms Coffee Shop,28.55018699,77.24950735,Indian Restaurant
Nehru Place,28.54925735,77.252952,Subway,28.55039687,77.25106945,Sandwich Place
Nehru Place,28.54925735,77.252952,Domino's Pizza,28.55,77.252,Pizza Place
Nehru Place,28.54925735,77.252952,Nescafe,28.5488793,77.25304,Café
Nehru Place,28.54925735,77.252952,Pind Baluchi,28.54896548,77.25139556,Indian Restaurant
Nehru Place,28.54925735,77.252952,Chaayos,28.55082966,77.2518221,Indian Restaurant
Nehru Place,28.54925735,77.252952,"Ruby Tuesday, Nehru Place",28.55035546,77.25095897,American Restaurant
Nehru Place,28.54925735,77.252952,Benihana,28.55105243,77.25159199,Japanese Restaurant
Nehru Place,28.54925735,77.252952,Burger King,28.55099671,77.25131698,Fast Food Restaurant
Nehru Place,28.54925735,77.252952,Dhaba by Claridges,28.551247,77.251659,North Indian Restaurant
Nehru Place,28.54925735,77.252952,Big Wong XL,28.551638,77.251823,Chinese Restaurant
Nehru Place,28.54925735,77.252952,Pind Baluchi,28.54724149,77.25068838,Indian Restaurant
Nehru Place,28.54925735,77.252952,Singh Sahib,28.55008302,77.24963323,Indian Restaurant
Nehru Place,28.54925735,77.252952,Empress of China,28.54960773,77.24921004,Chinese Restaurant
Nehru Place,28.54925735,77.252952,Oodles,28.54590656,77.25293898,Food
Netaji Nagar,28.5735343,77.1863593,McDonald's,28.56933844,77.18664359,Fast Food Restaurant
Netaji Nagar,28.5735343,77.1863593,"Cafe, Hyatt Regency",28.56952414,77.18540255,Café
Netaji Nagar,28.5735343,77.1863593,Indigo,28.57040156,77.18583495,Modern European Restaurant
Netaji Nagar,28.5735343,77.1863593,"Restaurant Aangan, Hyatt Regency Hotel",28.569256,77.18479852,Indian Restaurant
New Friends Colony,28.5671008,77.2697643,Cafe Coffee Day,28.56271328,77.26903043,Café
New Friends Colony,28.5671008,77.2697643,Ego 33,28.57021465,77.2716436,Indian Restaurant
Nizamuddin West,28.588365,77.2449546,Karims,28.59139559,77.24365657,Mughlai Restaurant
Nizamuddin West,28.588365,77.2449546,Ghalib Kabab Corner,28.59220882,77.24251673,BBQ Joint
Nizamuddin West,28.588365,77.2449546,"Kareems nizamuddin,  Delhi",28.59129904,77.24362203,Awadhi Restaurant
Nizamuddin West,28.588365,77.2449546,Tahir Kabab Corner,28.59172882,77.24453692,Indian Restaurant
Okhla,28.5636616,77.2890546,Roasto,28.562088,77.28815,Restaurant
Okhla,28.5636616,77.2890546,Al Nawaz,28.56473236,77.28983468,Afghan Restaurant
Okhla,28.5636616,77.2890546,Dilli Nihari,28.56230343,77.287899,Indian Restaurant
Okhla,28.5636616,77.2890546,HMS Corner Restaurant,28.56251379,77.2910073,Chinese Restaurant
Okhla,28.5636616,77.2890546,AL-Nawaz,28.56139984,77.29247726,Indian Restaurant
Okhla,28.5636616,77.2890546,Infini Tea Cafe,28.560891,77.292818,Café
Okhla,28.5636616,77.2890546,Hunger Break Out,28.559327,77.288454,Indian Restaurant
Okhla,28.5636616,77.2890546,Al Umar,28.56643185,77.28504871,Restaurant
Safdarjung Enclave,28.5656419,77.1934382,Khaandani Pakore Wala (Pakoda Point),28.56960468,77.19388957,Snack Place
Safdarjung Enclave,28.5656419,77.1934382,Al Kauser,28.56515743,77.19605487,Indian Restaurant
Safdarjung Enclave,28.5656419,77.1934382,Scarlette,28.563148,77.190739,French Restaurant
Safdarjung Enclave,28.5656419,77.1934382,Nirulas bhikaji cama place,28.56625569,77.18910879,Fast Food Restaurant
Safdarjung Enclave,28.5656419,77.1934382,Nirula's,28.56739272,77.18905091,Fast Food Restaurant
Safdarjung Enclave,28.5656419,77.1934382,Kulcha King,28.56989211,77.1943254,Fast Food Restaurant
Saket,28.5244107,77.2137253,Dakshin,28.52667044,77.21608103,Indian Restaurant
Saket,28.5244107,77.2137253,Mahabelly,28.5273031,77.2167995,Restaurant
Saket,28.5244107,77.2137253,"Baywatch, Sheraton Saket",28.52667516,77.21596256,Café
Saket,28.5244107,77.2137253,Hard Rock Cafe New Delhi,28.5272184,77.217124,American Restaurant
Saket,28.5244107,77.2137253,Rajdhani Thali,28.52767197,77.21708154,Asian Restaurant
Saket,28.5244107,77.2137253,Barbeque Nation Saket,28.52740574,77.21718491,Indian Restaurant
Saket,28.5244107,77.2137253,Pan Asian,28.52690815,77.21608369,Chinese Restaurant
Saket,28.5244107,77.2137253,Chili's Grill & Bar,28.52846207,77.21591256,Tex-Mex Restaurant
Saket,28.5244107,77.2137253,Dhaba,28.52765919,77.21721067,Indian Restaurant
Sarita Vihar,28.5334785,77.2935232,Barista,28.53549302,77.29297659,Café
Sarita Vihar,28.5334785,77.2935232,Cafe Coffee Day,28.5351275,77.29109504,Café
Sarita Vihar,28.5334785,77.2935232,Grill & Fire,28.5355719,77.29015449,Café
Sarojini Nagar,28.5741575,77.1953703,Domino's Pizza,28.576,77.195,Pizza Place
Sarojini Nagar,28.5741575,77.1953703,McDonald's,28.57651519,77.19609979,Fast Food Restaurant
Sarojini Nagar,28.5741575,77.1953703,Haldiram's,28.57637436,77.19526594,Indian Restaurant
Sarojini Nagar,28.5741575,77.1953703,McDonald's,28.57595962,77.19520137,Fast Food Restaurant
Sarojini Nagar,28.5741575,77.1953703,Rdbd Rang de Basanti Dhaba,28.57655213,77.1952519,Indian Restaurant
Sarojini Nagar,28.5741575,77.1953703,Rang De Basanti Dhaba,28.57602268,77.19504976,Indian Restaurant
Sarojini Nagar,28.5741575,77.1953703,Bakes & Byte,28.57656029,77.19750917,Restaurant
Sarojini Nagar,28.5741575,77.1953703,Amar Jyoti Restaurant,28.57741729,77.1966613,Indian Restaurant
Sarojini Nagar,28.5741575,77.1953703,Kulcha King,28.56989211,77.1943254,Fast Food Restaurant
Sarvodaya Enclave,28.5374783,77.2020888,Cafe Coffee Day,28.53858942,77.1986827,Café
Sarvodaya Enclave,28.5374783,77.2020888,Kuzart Lane,28.53798956,77.19836826,Café
Sarvodaya Enclave,28.5374783,77.2020888,Waves Restaurant,28.53858211,77.19877067,Indian Restaurant
Sarvodaya Enclave,28.5374783,77.2020888,Rustom's Parsi Bhonu,28.53798384,77.19814928,Parsi Restaurant
Sarvodaya Enclave,28.5374783,77.2020888,Southy,28.53747557,77.19804821,Indian Restaurant
Shahpur Jat,28.5483303,77.214104,The Potbelly Rooftop Cafe & Kitchen,28.54966648,77.2153403,Indian Restaurant
Shahpur Jat,28.5483303,77.214104,Ivy & Bean,28.54915952,77.2154435,Australian Restaurant
Shahpur Jat,28.5483303,77.214104,Chopsticks,28.55231925,77.21311865,Chinese Restaurant
Shahpur Jat,28.5483303,77.214104,Cafe Red,28.54925321,77.21239929,Café
Shahpur Jat,28.5483303,77.214104,Slice Of Italy,28.54947705,77.21592503,Italian Restaurant
Shahpur Jat,28.5483303,77.214104,The Village Complex,28.55238845,77.21308807,Indian Restaurant
Shahpur Jat,28.5483303,77.214104,Arriba Mexican Grill &  Tequileria,28.552464,77.213005,Mexican Restaurant
Siri Fort,28.5521464,77.2246983,Cuppa Mocha,28.55377679,77.22834289,Café
South Extension,28.5685664,77.2205677,China Doll,28.56840481,77.21769348,Chinese Restaurant
South Extension,28.5685664,77.2205677,Domino's Pizza,28.57,77.22,Pizza Place
South Extension,28.5685664,77.2205677,Moti Mahal Deluxe,28.56853886,77.21926835,Indian Restaurant
South Extension,28.5685664,77.2205677,Domino's Pizza,28.567,77.22,Pizza Place
South Extension,28.5685664,77.2205677,Bengali Sweets,28.56953755,77.22094001,Indian Restaurant
South Extension,28.5685664,77.2205677,McDonald's,28.568451,77.21950256,Fast Food Restaurant
South Extension,28.5685664,77.2205677,Cake Palace,28.56763656,77.22115731,Bakery
South Extension,28.5685664,77.2205677,Daitchi,28.56819754,77.22247657,Chinese Restaurant
South Extension,28.5685664,77.2205677,Bhel Puri,28.5693451,77.21971453,Indian Restaurant
South Extension,28.5685664,77.2205677,Haldiram's,28.56864626,77.22245412,Indian Restaurant
South Extension,28.5685664,77.2205677,McDonald's,28.56839035,77.21972576,American Restaurant
South Extension,28.5685664,77.2205677,Rang De Basanti Dhaba,28.56809569,77.22003452,Indian Restaurant
South Extension,28.5685664,77.2205677,Circus Restaurant & Bar,28.56861051,77.21768787,Gastropub
South Extension,28.5685664,77.2205677,Pind Balluchi,28.56952509,77.22430106,Food Truck
Sriniwaspuri,28.5652204,77.2547041,Ravi Bajaj Café,28.56106556,77.25553187,Café
Sriniwaspuri,28.5652204,77.2547041,Nirulas,28.56093756,77.25544408,Fast Food Restaurant
Sriniwaspuri,28.5652204,77.2547041,Domino's Pizza @ Delhi International Airport,28.56086932,77.25550943,Pizza Place
Dhaula Kuan,28.5918905,77.1617034,Burger King Drive THRU,28.591651,77.162309,Burger Joint
Dhaula Kuan,28.5918905,77.1617034,Khan Chacha Airport Express,28.592132,77.162028,Food Court
Dhaula Kuan,28.5918905,77.1617034,China Bowl,28.58980035,77.16239881,Chinese Restaurant
Dhaula Kuan,28.5918905,77.1617034,the Hangout Cafe,28.59262058,77.15900066,Bakery
Ghitorni,28.4938107,77.1491661,Kashmiri Kitchen,28.49327096,77.1483057,Indian Restaurant
Ghitorni,28.4938107,77.1491661,Swiss Gouermessa,28.49235757,77.14488468,Sandwich Place
Ghitorni,28.4938107,77.1491661,LEO's,28.490929,77.145733,Pizza Place
Inderpuri,28.6286841,77.1470979,Pure Punjabi restaurant,28.62858449,77.14533091,Indian Restaurant
Inderpuri,28.6286841,77.1470979,Vishnu bhojanalay,28.63221169,77.14807892,Vegetarian / Vegan Restaurant
Kishangarh Village,28.5194277,77.1665351,Pluto Cafe,28.52032685,77.16514685,Café
Kishangarh Village,28.5194277,77.1665351,Kathi Zone,28.52108159,77.16606083,Indian Restaurant
Kishangarh Village,28.5194277,77.1665351,Nirula's,28.52162338,77.16471473,Diner
Mahipalpur,28.5444849,77.1256912,Spice of Delhi,28.54554856,77.12730618,Indian Restaurant
Mahipalpur,28.5444849,77.1256912,Cocos,28.54635952,77.12602519,Asian Restaurant
Mahipalpur,28.5444849,77.1256912,Hue Blue  Lounge & Bar,28.5448686,77.1281345,Indian Restaurant
Mahipalpur,28.5444849,77.1256912,Metropolitan Express,28.54728336,77.12582293,Fast Food Restaurant
Mahipalpur,28.5444849,77.1256912,aggarwal sweets,28.54522044,77.12230575,Bakery
Mahipalpur,28.5444849,77.1256912,Punjabi Nawabs,28.54799911,77.12633014,Indian Restaurant
Mahipalpur,28.5444849,77.1256912,Aggarwal sweets,28.54184278,77.12931191,Bakery
Moti Bagh,28.5778787,77.1741797,Karnataka Food Centre,28.57811343,77.17501304,South Indian Restaurant
Moti Bagh,28.5778787,77.1741797,Fujiya,28.57875478,77.17639478,Asian Restaurant
Moti Bagh,28.5778787,77.1741797,Ada'e Haandi Restaurant,28.578663,77.16936,Punjabi Restaurant
Munirka,28.554886,77.1710841,Subway,28.55880022,77.17068314,Sandwich Place
Munirka,28.554886,77.1710841,Anupam Restoran,28.5579736,77.1727443,Indian Restaurant
Munirka,28.554886,77.1710841,West View,28.55814947,77.17349125,Steakhouse
Munirka,28.554886,77.1710841,Slice Of Italy,28.55893027,77.17114367,Pizza Place
Munirka,28.554886,77.1710841,Aggarwal Sweets,28.5591983,77.17122792,Bakery
Naraina,28.6220547,77.1386441,Sandoz,28.62229038,77.13594126,Indian Restaurant
Naraina,28.6220547,77.1386441,Kent's Fast Food,28.62448894,77.13729517,Fast Food Restaurant
Naraina,28.6220547,77.1386441,Polka ( pastry shop & snacks bar),28.62448992,77.13541879,Snack Place
Naraina,28.6220547,77.1386441,Naraina Club,28.62556262,77.14081753,Indian Restaurant
Rama Krishna Puram,28.5755607,77.17230337,Delhi Club House,28.57245713,77.17348929,Comfort Food Restaurant
Rama Krishna Puram,28.5755607,77.17230337,Karnataka Food Centre,28.57811343,77.17501304,South Indian Restaurant
Rama Krishna Puram,28.5755607,77.17230337,Cafe Coffee Day,28.57733715,77.16850357,Café
Rama Krishna Puram,28.5755607,77.17230337,Fatty Bao,28.57256236,77.17358522,Asian Restaurant
Rama Krishna Puram,28.5755607,77.17230337,Domino's Pizza,28.57732748,77.16852044,Pizza Place
Rama Krishna Puram,28.5755607,77.17230337,Nueva,28.572553,77.173571,Restaurant
Rama Krishna Puram,28.5755607,77.17230337,Cafe Delhi Heights,28.57252558,77.17354763,Café
Rama Krishna Puram,28.5755607,77.17230337,Ziu,28.57230782,77.17369905,Thai Restaurant
Rangpuri,28.5400072,77.1197754,The Great Kabab Factory,28.54335165,77.11928792,Indian Restaurant
Rangpuri,28.5400072,77.1197754,Neung Roi,28.54394736,77.11985867,Thai Restaurant
Rangpuri,28.5400072,77.1197754,NYC,28.54352535,77.11950012,American Restaurant
Rangpuri,28.5400072,77.1197754,Zaika's Corner,28.54363322,77.11858057,Indian Restaurant
Sarojini Nagar,28.5741575,77.1953703,Domino's Pizza,28.576,77.195,Pizza Place
Sarojini Nagar,28.5741575,77.1953703,McDonald's,28.57651519,77.19609979,Fast Food Restaurant
Sarojini Nagar,28.5741575,77.1953703,Haldiram's,28.57637436,77.19526594,Indian Restaurant
Sarojini Nagar,28.5741575,77.1953703,McDonald's,28.57595962,77.19520137,Fast Food Restaurant
Sarojini Nagar,28.5741575,77.1953703,Rdbd Rang de Basanti Dhaba,28.57655213,77.1952519,Indian Restaurant
Sarojini Nagar,28.5741575,77.1953703,Rang De Basanti Dhaba,28.57602268,77.19504976,Indian Restaurant
Sarojini Nagar,28.5741575,77.1953703,Bakes & Byte,28.57656029,77.19750917,Restaurant
Sarojini Nagar,28.5741575,77.1953703,Amar Jyoti Restaurant,28.57741729,77.1966613,Indian Restaurant
Sarojini Nagar,28.5741575,77.1953703,Kulcha King,28.56989211,77.1943254,Fast Food Restaurant
Vasant Kunj,28.5292495,77.1541335,The Biker's Cafe,28.52922943,77.15550131,Café
Vasant Kunj,28.5292495,77.1541335,Domino's Pizza,28.52526334,77.15648429,Pizza Place
Vasant Kunj,28.5292495,77.1541335,Sagar ratna,28.52522464,77.15564848,Vegetarian / Vegan Restaurant
Vasant Kunj,28.5292495,77.1541335,Angels In My Kitchen,28.53118501,77.1538297,Bakery
Vasant Kunj,28.5292495,77.1541335,"Nirulas B-10, Market Vasant Kunj",28.53127617,77.15378811,Burger Joint
Vasant Kunj,28.5292495,77.1541335,Chick N Fish,28.5323358,77.15128848,Indian Restaurant
Vasant Kunj,28.5292495,77.1541335,Nirula's,28.53236176,77.15127194,Fast Food Restaurant
Vasant Kunj,28.5292495,77.1541335,Auma,28.53261766,77.15135073,Thai Restaurant
Vasant Vihar,28.56069055,77.16079073,Sartoria,28.55893693,77.16418176,Italian Restaurant
Vasant Vihar,28.56069055,77.16079073,Yo! China,28.55796746,77.16426958,Chinese Restaurant
Vasant Vihar,28.56069055,77.16079073,McDonald's,28.55737219,77.16352105,Fast Food Restaurant
Vasant Vihar,28.56069055,77.16079073,KFC,28.55747664,77.16408899,Fast Food Restaurant
Vasant Vihar,28.56069055,77.16079073,Dunkin',28.55753326,77.16416295,Donut Shop
Vasant Vihar,28.56069055,77.16079073,Kylin,28.56114531,77.15755953,Asian Restaurant
Vasant Vihar,28.56069055,77.16079073,Barista Lavazza,28.55919398,77.16385352,Café
Vasant Vihar,28.56069055,77.16079073,The Asia Kitchen,28.55875456,77.16403659,Chinese Restaurant
Vasant Vihar,28.56069055,77.16079073,Nirula's,28.55897062,77.16386476,Fast Food Restaurant
Vasant Vihar,28.56069055,77.16079073,Leo’s,28.558734,77.163699,Pizza Place
Vasant Vihar,28.56069055,77.16079073,"New CCD,Priya complex",28.55882852,77.16390407,Café
Vasant Vihar,28.56069055,77.16079073,Barrels,28.5577189,77.16429723,Restaurant
Vasant Vihar,28.56069055,77.16079073,Pizza Hut,28.5575831,77.16407127,Pizza Place
Vasant Vihar,28.56069055,77.16079073,Soi Thai,28.55799014,77.16385352,Thai Restaurant
Vasant Vihar,28.56069055,77.16079073,krips,28.5573597,77.1640625,Indian Restaurant
Bali Nagar,28.6541384,77.128178,Papa John's,28.65491695,77.12513748,Pizza Place
Bali Nagar,28.6541384,77.128178,Bikanerwala,28.65140287,77.12908156,Indian Restaurant
Bali Nagar,28.6541384,77.128178,Crazy Cow,28.65140801,77.12991697,Chinese Restaurant
Bali Nagar,28.6541384,77.128178,Domino's Pizza,28.65140287,77.1299243,Pizza Place
Dhaula Kuan,28.5918905,77.1617034,Burger King Drive THRU,28.591651,77.162309,Burger Joint
Dhaula Kuan,28.5918905,77.1617034,Khan Chacha Airport Express,28.592132,77.162028,Food Court
Dhaula Kuan,28.5918905,77.1617034,China Bowl,28.58980035,77.16239881,Chinese Restaurant
Dhaula Kuan,28.5918905,77.1617034,the Hangout Cafe,28.59262058,77.15900066,Bakery
Fateh Nagar,28.6316154,77.1008776,Manjeet Chicken,28.63145181,77.09793842,Fried Chicken Joint
Fateh Nagar,28.6316154,77.1008776,Om Sweets,28.62791929,77.10020022,Indian Restaurant
Fateh Nagar,28.6316154,77.1008776,Domino's Pizza,28.62844366,77.09825457,Pizza Place
Fateh Nagar,28.6316154,77.1008776,Om Sweets,28.62845757,77.0982787,Indian Restaurant
Fateh Nagar,28.6316154,77.1008776,Virsa,28.63131407,77.09829516,Food Court
Fateh Nagar,28.6316154,77.1008776,Bikanerwala,28.63352371,77.09749154,Fast Food Restaurant
Fateh Nagar,28.6316154,77.1008776,Kadimi,28.62849271,77.098231,Indian Sweet Shop
Fateh Nagar,28.6316154,77.1008776,Chawla Chicken,28.62848216,77.09827009,Punjabi Restaurant
Fateh Nagar,28.6316154,77.1008776,Polka Bakery,28.63041076,77.09632825,Bakery
Janakpuri,28.6219272,77.0874757,Cafe Coffee Day,28.62238762,77.08835349,Café
Janakpuri,28.6219272,77.0874757,Newyork Slice,28.62152373,77.08857805,Restaurant
Janakpuri,28.6219272,77.0874757,Ruchi's kitchen,28.62378294,77.08806124,Indian Restaurant
Janakpuri,28.6219272,77.0874757,Bikanerwala C1,28.621424,77.08348,Fast Food Restaurant
Janakpuri,28.6219272,77.0874757,Kulcha's,28.62037828,77.09203464,Indian Restaurant
Janakpuri,28.6219272,77.0874757,Bake Bikaner,28.61952043,77.08316034,Bakery
Kirti Nagar,28.6523681,77.1496416,Cafe Coffee Day,28.65517522,77.15101719,Café
Kirti Nagar,28.6523681,77.1496416,Subway,28.6567004,77.1486783,Sandwich Place
Kirti Nagar,28.6523681,77.1496416,"Cafe coffee day, kirti nagar",28.65614603,77.1502212,Café
Meera Bagh,28.658844,77.09084751,Cafe Coffee Day,28.66019751,77.09163,Café
Meera Bagh,28.658844,77.09084751,Shree Rathnam,28.66051865,77.09140015,Indian Restaurant
Meera Bagh,28.658844,77.09084751,Bake Hub,28.660988,77.08986,Bakery
Meera Bagh,28.658844,77.09084751,The kitchen,28.6628437,77.08898926,Indian Restaurant
Moti Nagar,28.657859,77.1424288,Dunkin',28.65707194,77.14668789,Donut Shop
Moti Nagar,28.657859,77.1424288,KFC,28.65726686,77.14668227,Fast Food Restaurant
Moti Nagar,28.657859,77.1424288,moti nagar,28.65868142,77.14472739,Fried Chicken Joint
Moti Nagar,28.657859,77.1424288,Costa Coffee,28.65685207,77.1464969,Café
Moti Nagar,28.657859,77.1424288,"Karim's, Moments Mall",28.656678,77.14649128,Asian Restaurant
Moti Nagar,28.657859,77.1424288,DEL15 Food Court,28.65696335,77.14670563,Cafeteria
Paschim Vihar,28.6695782,77.095956,Wah Ji Wah,28.66848013,77.09151198,BBQ Joint
Paschim Vihar,28.6695782,77.095956,tea lounge,28.66754532,77.09148407,Café
Patel Nagar,28.6598088,77.156957,Cafe Coffee Day,28.66275242,77.15463067,Café
Punjabi Bagh,28.668945,77.1324614,Subway,28.6708175,77.13407047,Sandwich Place
Punjabi Bagh,28.668945,77.1324614,McDonald's,28.67027568,77.13313039,Fast Food Restaurant
Punjabi Bagh,28.668945,77.1324614,McDonald's,28.66655345,77.13485699,Fast Food Restaurant
Punjabi Bagh,28.668945,77.1324614,Domino's Pizza,28.673,77.134,Pizza Place
Punjabi Bagh,28.668945,77.1324614,KFC,28.67058256,77.13273337,Fast Food Restaurant
Punjabi Bagh,28.668945,77.1324614,Gupta Chat Corner,28.67031466,77.13268281,Breakfast Spot
Punjabi Bagh,28.668945,77.1324614,Gola Bakers,28.67027056,77.13343002,Bakery
Punjabi Bagh,28.668945,77.1324614,Breads and more,28.67074538,77.13419407,Bakery
Rajouri Garden,28.6421518,77.11606038,Pirates of The Grill,28.64437069,77.1116738,BBQ Joint
Rajouri Garden,28.6421518,77.11606038,sardar ji malai chaap wale,28.64281656,77.11379892,Indian Restaurant
Rajouri Garden,28.6421518,77.11606038,Street food near Cyber Park,28.64284238,77.11373149,Food Truck
Rajouri Garden,28.6421518,77.11606038,Gulati Bakers,28.64284555,77.11368443,Bakery
Shivaji Place,28.651657,77.1217027,T.G.I. Friday's,28.6530935,77.12315466,American Restaurant
Shivaji Place,28.651657,77.1217027,McDonald's,28.64989286,77.12079132,Fast Food Restaurant
Shivaji Place,28.651657,77.1217027,Bikanerwala,28.64867051,77.12272855,Indian Restaurant
Shivaji Place,28.651657,77.1217027,Cafe Coffee day,28.65019153,77.12334869,Café
Shivaji Place,28.651657,77.1217027,The California Boulevard,28.64773497,77.12004976,Diner
Shivaji Place,28.651657,77.1217027,AMPM Cafè and Bar,28.64769714,77.11995036,Café
Shivaji Place,28.651657,77.1217027,Cafe Coffee Day,28.64983412,77.121541,Café
Shivaji Place,28.651657,77.1217027,Domino's Pizza,28.65,77.124,Pizza Place
Shivaji Place,28.651657,77.1217027,Pind Balluchi,28.64764187,77.12035609,Indian Restaurant
Shivaji Place,28.651657,77.1217027,McDonald's,28.64992976,77.12094426,Fast Food Restaurant
Shivaji Place,28.651657,77.1217027,"Kfc, Rajouri Garden",28.65003782,77.12398569,Fast Food Restaurant
Shivaji Place,28.651657,77.1217027,Pinch Of Spice,28.65220633,77.1205696,Restaurant
Shivaji Place,28.651657,77.1217027,Subway,28.65095561,77.12021,Fast Food Restaurant
Shivaji Place,28.651657,77.1217027,Burger King,28.65089782,77.12070644,Fast Food Restaurant
Shivaji Place,28.651657,77.1217027,Sufiaana,28.650271,77.120468,Middle Eastern Restaurant
Shivaji Place,28.651657,77.1217027,Not Just Paranthas,28.64976158,77.1216259,Indian Restaurant
Shivaji Place,28.651657,77.1217027,Papa John's,28.65312277,77.12316513,Pizza Place
Shivaji Place,28.651657,77.1217027,Cafe Cruise,28.65014685,77.12347441,Café
Shivaji Place,28.651657,77.1217027,KFC Citysquare Mall,28.64974276,77.1240194,Restaurant
Shivaji Place,28.651657,77.1217027,Imly,28.653025,77.11886,Indian Restaurant
Shivaji Place,28.651657,77.1217027,prem di hatti,28.64845048,77.1214159,Fast Food Restaurant
Shivaji Place,28.651657,77.1217027,Standard Snacks & Sweets,28.64927815,77.12552515,Snack Place
Shivaji Place,28.651657,77.1217027,The Royal Turban,28.64767684,77.11968184,Indian Restaurant
Shivaji Place,28.651657,77.1217027,The Post Office Cafe,28.64760464,77.11976612,Café
Shivaji Place,28.651657,77.1217027,Priviledge punjab,28.6480325,77.12032843,Indian Restaurant
Tilak Nagar,28.63964975,77.09403946,McDonald's,28.63940301,77.09650246,Fast Food Restaurant
Tilak Nagar,28.63964975,77.09403946,McDonald's,28.63625994,77.09710378,Fast Food Restaurant
Tilak Nagar,28.63964975,77.09403946,Pravin Chat Bhandar,28.63726701,77.09694642,Fast Food Restaurant
Tilak Nagar,28.63964975,77.09403946,McDonald's,28.63647079,77.09716034,Restaurant
Tilak Nagar,28.63964975,77.09403946,CCD tilak nagar,28.63626408,77.09704758,Café
Vikaspuri,28.63841905,77.07083615,Domino's Pizza,28.638,77.075,Pizza Place
Vikaspuri,28.63841905,77.07083615,McDonald's,28.6397522,77.07519033,Fast Food Restaurant
Vikaspuri,28.63841905,77.07083615,Asian Garden,28.6396611,77.07448211,Indian Restaurant
Vikaspuri,28.63841905,77.07083615,Mela,28.63567205,77.06723666,Indian Restaurant
